[
    {
        "model": "department.teacher",
        "pk": 1,
        "fields": {
            "name": "Иванов Иван Иванович",
            "image": "",
            "position": "Доцент",
            "full_time": true,
            "additional_work": "Куратор группы, проведение практик",
            "audience": 1,
            "courses": [
                1,
                2
            ]
        }
    },
    {
        "model": "department.teacher",
        "pk": 2,
        "fields": {
            "name": "Петров Петр Петрович",
            "image": "",
            "position": "Старший преподаватель",
            "full_time": false,
            "additional_work": "Контроль научных публикаций",
            "audience": 2,
            "courses": [
                2,
                3
            ]
        }
    },
    {
        "model": "department.teacher",
        "pk": 3,
        "fields": {
            "name": "Сидоров Сидор Сидорович",
            "image": "",
            "position": "Профессор",
            "full_time": true,
            "additional_work": "Куратор аспирантов",
            "audience": 3,
            "courses": [
                1,
                4
            ]
        }
    },
    {
        "model": "department.teacher",
        "pk": 4,
        "fields": {
            "name": "Кузнецова Анна Дмитриевна",
            "image": "",
            "position": "Доцент",
            "full_time": true,
            "additional_work": "Проведение практик",
            "audience": 4,
            "courses": [
                3,
                5
            ]
        }
    },
    {
        "model": "department.teacher",
        "pk": 5,
        "fields": {
            "name": "Сергеев Сергей Сергеевич",
            "image": "",
            "position": "Старший преподаватель",
            "full_time": false,
            "additional_work": "Подготовка научных публикаций",
            "audience": 5,
            "courses": [
                2,
                6
            ]
        }
    },
    {
        "model": "department.teacher",
        "pk": 6,
        "fields": {
            "name": "Михайлова Ольга Андреевна",
            "image": "",
            "position": "Преподаватель",
            "full_time": true,
            "additional_work": "Куратор группы",
            "audience": 1,
            "courses": [
                7,
                8
            ]
        }
    },
    {
        "model": "department.teacher",
        "pk": 7,
        "fields": {
            "name": "Григорьев Максим Юрьевич",
            "image": "",
            "position": "Старший преподаватель",
            "full_time": true,
            "additional_work": "Проведение семинаров",
            "audience": 2,
            "courses": [
                5,
                9
            ]
        }
    },
    {
        "model": "department.teacher",
        "pk": 8,
        "fields": {
            "name": "Федорова Мария Николаевна",
            "image": "",
            "position": "Доцент",
            "full_time": false,
            "additional_work": "Научный руководитель",
            "audience": 3,
            "courses": [
                1,
                10
            ]
        }
    },
    {
        "model": "department.teacher",
        "pk": 9,
        "fields": {
            "name": "Лебедев Алексей Викторович",
            "image": "",
            "position": "Профессор",
            "full_time": true,
            "additional_work": "Научный консультант",
            "audience": 4,
            "courses": [
                2,
                3
            ]
        }
    },
    {
        "model": "department.teacher",
        "pk": 10,
        "fields": {
            "name": "Тихомиров Василий Сергеевич",
            "image": "",
            "position": "Преподаватель",
            "full_time": true,
            "additional_work": "Контроль курсовых",
            "audience": 5,
            "courses": [
                4,
                5
            ]
        }
    },
    {
        "model": "department.teacher",
        "pk": 11,
        "fields": {
            "name": "Яковлева Екатерина Владимировна",
            "image": "",
            "position": "Старший преподаватель",
            "full_time": false,
            "additional_work": "Куратор группы",
            "audience": 1,
            "courses": [
                6,
                7
            ]
        }
    },
    {
        "model": "department.teacher",
        "pk": 12,
        "fields": {
            "name": "Семенова Настасья Андреевна",
            "image": "",
            "position": "Преподаватель",
            "full_time": true,
            "additional_work": "Научные исследования",
            "audience": 2,
            "courses": [
                3,
                8
            ]
        }
    },
    {
        "model": "department.teacher",
        "pk": 13,
        "fields": {
            "name": "Ковалев Святослав Игоревич",
            "image": "",
            "position": "Доцент",
            "full_time": true,
            "additional_work": "Проведение практик",
            "audience": 3,
            "courses": [
                1,
                9
            ]
        }
    },
    {
        "model": "department.teacher",
        "pk": 14,
        "fields": {
            "name": "Соколова Анна Александровна",
            "image": "",
            "position": "Профессор",
            "full_time": true,
            "additional_work": "Автопроект",
            "audience": 4,
            "courses": [
                2,
                10
            ]
        }
    },
    {
        "model": "department.teacher",
        "pk": 15,
        "fields": {
            "name": "Заболотная Светлана Валерьевна",
            "image": "",
            "position": "Старший преподаватель",
            "full_time": false,
            "additional_work": "Контроль научных публикаций",
            "audience": 5,
            "courses": [
                5,
                6
            ]
        }
    },
    {
        "model": "department.teacher",
        "pk": 16,
        "fields": {
            "name": "Князев Артем Алексеевич",
            "image": "",
            "position": "Преподаватель",
            "full_time": true,
            "additional_work": "Научный руководитель",
            "audience": 1,
            "courses": [
                7,
                8
            ]
        }
    },
    {
        "model": "department.teacher",
        "pk": 17,
        "fields": {
            "name": "Рябова Олеся Николаевна",
            "image": "",
            "position": "Доцент",
            "full_time": true,
            "additional_work": "Куратор группы",
            "audience": 2,
            "courses": [
                1,
                9
            ]
        }
    },
    {
        "model": "department.teacher",
        "pk": 18,
        "fields": {
            "name": "Филиппов Арсений Ярославович",
            "image": "",
            "position": "Профессор",
            "full_time": true,
            "additional_work": "Контроль курсовых",
            "audience": 3,
            "courses": [
                3,
                10
            ]
        }
    },
    {
        "model": "department.teacher",
        "pk": 19,
        "fields": {
            "name": "Морозова Кристина Станиславовна",
            "image": "",
            "position": "Старший преподаватель",
            "full_time": false,
            "additional_work": "Подготовка научных публикаций",
            "audience": 4,
            "courses": [
                4,
                5
            ]
        }
    },
    {
        "model": "department.teacher",
        "pk": 20,
        "fields": {
            "name": "Владиславова Ольга Федоровна",
            "image": "",
            "position": "Преподаватель",
            "full_time": true,
            "additional_work": "Куратор группы",
            "audience": 5,
            "courses": [
                2,
                6
            ]
        }
    },
    {
        "model": "department.teacher",
        "pk": 21,
        "fields": {
            "name": "Турченко Игорь Владимирович",
            "image": "",
            "position": "Преподаватель",
            "full_time": true,
            "additional_work": "Контроль научных публикаций",
            "audience": 1,
            "courses": [
                8,
                9
            ]
        }
    },
    {
        "model": "department.teacher",
        "pk": 22,
        "fields": {
            "name": "Аникин Валентин Павлович",
            "image": "",
            "position": "Старший преподаватель",
            "full_time": false,
            "additional_work": "Проведение практик",
            "audience": 2,
            "courses": [
                1,
                2
            ]
        }
    },
    {
        "model": "department.teacher",
        "pk": 23,
        "fields": {
            "name": "Дворникова Мария Семеновна",
            "image": "",
            "position": "Преподаватель",
            "full_time": false,
            "additional_work": "Куратор группы",
            "audience": 3,
            "courses": [
                3,
                4
            ]
        }
    },
    {
        "model": "department.teacher",
        "pk": 24,
        "fields": {
            "name": "Евдокимова Ксения Борисовна",
            "image": "",
            "position": "Доцент",
            "full_time": true,
            "additional_work": "Научные исследования",
            "audience": 4,
            "courses": [
                5,
                6
            ]
        }
    },
    {
        "model": "department.teacher",
        "pk": 25,
        "fields": {
            "name": "Сидорова Анна Владимировна",
            "image": "",
            "position": "Преподаватель",
            "full_time": false,
            "additional_work": "Куратор группы",
            "audience": 5,
            "courses": [
                7,
                10
            ]
        }
    },
    {
        "model": "department.course",
        "pk": 1,
        "fields": {
            "name": "Математика",
            "description": "Курс охватывает основные понятия математики, включая арифметику, алгебру, геометрию и статистику. Студенты познакомятся с фундаментальными принципами, которые лежат в основе математических теорий и их применением в различных областях. В рамках курса также будет уделено внимание решению практических задач и развитию логического мышления."
        }
    },
    {
        "model": "department.course",
        "pk": 2,
        "fields": {
            "name": "Программирование",
            "description": "Этот курс предлагает введение в программирование, охватывая основные концепции и языки программирования, такие как Python и Java. Студенты научатся создавать свои первые программы, понимать алгоритмы и структуру данных, а также познакомятся с основами разработки приложений. Курс включает практические задания и проектную работу для закрепления полученных знаний."
        }
    },
    {
        "model": "department.course",
        "pk": 3,
        "fields": {
            "name": "Физика",
            "description": "Курс физики вводит студентов в основные законы природы и их приложения в мире вокруг нас. Темы включают механике, термодинамике, электромагнетизме и квантовой физике. Студенты будут изучать, как проводить эксперименты, анализировать данные и применять физические концепции к реальным проблемам."
        }
    },
    {
        "model": "department.course",
        "pk": 4,
        "fields": {
            "name": "Химия",
            "description": "Курс общей химии охватывает основные концепции и законы химии, включая строение атома, периодическую таблицу, химические реакции и экзотермические и эндотермические процессы. Студенты будут проводить лабораторные работы, изучая свойства различных веществ и применяя теорию на практике."
        }
    },
    {
        "model": "department.course",
        "pk": 5,
        "fields": {
            "name": "Экономика",
            "description": "Курс введения в экономику знакомит студентов с основными принципами экономической теории, включая микро- и макроэкономику. Темы курса охватывают рыночные структуры, роль государства в экономике, а также анализ социально-экономических факторов, влияющих на принятие экономических решений."
        }
    },
    {
        "model": "department.course",
        "pk": 6,
        "fields": {
            "name": "Биология",
            "description": "Курс охватывает основные аспекты биологии живых организмов, включая молекулярную биологию, генетику, экосистемы и эволюцию. Студенты изучат как строение и функции клеток, так и более сложные биологические процессы. В рамках курса предусмотрены практические занятия, которые помогут deepen understanding of biological concepts."
        }
    },
    {
        "model": "department.course",
        "pk": 7,
        "fields": {
            "name": "История",
            "description": "Исторический курс предлагает студентам обзор ключевых событий и процессов, которые сформировали современный мир. Темы включают древние цивилизации, средневековье, эпоху Возрождения и современные исторические тренды. Студенты будут анализировать важные документы, изучать различные точки зрения на события, а также проводить исследования для написания научных работ."
        }
    },
    {
        "model": "department.course",
        "pk": 8,
        "fields": {
            "name": "Философия",
            "description": "Курс по философии знакомит студентов с основными философскими учениями и концепциями. Темы включают этику, метафизику, эпистемологию и социальную философию. Студенты будут обсуждать работы великих философов, таких как Платон, Аристотель, Декарт и Кант, а также пытаться сформулировать свои собственные философские взгляды через анализ и критику."
        }
    },
    {
        "model": "department.course",
        "pk": 9,
        "fields": {
            "name": "Иностранные языки",
            "description": "Курс иностранных языков предлагает изучение английского и немецкого языков через разговорные навыки, чтение и письмо. Студенты научатся основам грамматики и лексики, а также практиковаться в языковой среде с носителями языка. Курс включает изучение культуры стран, чей язык изучается."
        }
    },
    {
        "model": "department.course",
        "pk": 10,
        "fields": {
            "name": "Информатика",
            "description": "Курс информатики предоставляет знания о компьютерных технологиях, включая операционные системы, программное обеспечение, сети и безопасность данных. Студенты изучат, как создавать презентации, работать с базами данных и основам веб-разработки. Практические занятия помогут закрепить изученные концепции и улучшить навыки работы с компьютером."
        }
    },
    {
        "model": "department.audience",
        "pk": 1,
        "fields": {
            "number": "101"
        }
    },
    {
        "model": "department.audience",
        "pk": 2,
        "fields": {
            "number": "102"
        }
    },
    {
        "model": "department.audience",
        "pk": 3,
        "fields": {
            "number": "103"
        }
    },
    {
        "model": "department.audience",
        "pk": 4,
        "fields": {
            "number": "104"
        }
    },
    {
        "model": "department.audience",
        "pk": 5,
        "fields": {
            "number": "105"
        }
    }
]